label,precision,recall,accuracy,loss,num_epochs,lr,batch_size,weight_decay,num_hidden,patience,num_head,num_layer,dropout
WideAndDeep,0.7461398104972984,0.3026072502630692,0.603813791672152,4.475383038602824,100,0.0001,2048,0.0001,120,10,6,4,0.5
transformer,0.7328501521886887,0.38188623512493164,0.6255178561798964,4.503788535580314,100,0.01,10240,0.1,120,3,6,4,0.5
WideAndDeep,0.740222132647887,0.30301508722891274,0.6017515319593316,4.470238712554481,100,0.001,2048,0.1,120,10,6,6,0.3
WideAndDeep,0.7744528928981438,0.4805599871212329,0.6731226163446815,4.47629898889059,100,0.001,2048,0.1,120,10,6,4,0.7