{
    "WideAndDeep": {
        "precision": 0.7461398104972984,
        "recall": 0.3026072502630692,
        "accuracy": 0.603813791672152,
        "loss": 4.475383038602824
    }
}