{
    "WideAndDeep": {
        "precision": 0.7744528928981438,
        "recall": 0.4805599871212329,
        "accuracy": 0.6731226163446815,
        "loss": 4.47629898889059
    }
}
