{
    "transformer": {
        "precision": 1.0,
        "recall": 0.005235602094240838,
        "accuracy": 0.4794520547945205,
        "loss": 4.989601135253906
    }
}