{
    "transformer": {
        "precision": 0.7328501521886887,
        "recall": 0.38188623512493164,
        "accuracy": 0.6255178561798964,
        "loss": 4.503788535580314
    }
}