{
    "FMcross": {
        "precision": 0.44087038789025546,
        "recall": 0.474059003051882,
        "accuracy": 0.5260906757912746,
        "loss": 6.6999499797821045
    }
}